LID,BPID,FPID,BLID,FLID
49,434,435,106,0
50,436,437,0,51
51,437,438,50,52
52,438,439,51,53
53,439,440,52,54
54,440,441,53,55
55,441,442,54,56
56,442,443,55,57
57,443,444,56,58
58,444,445,57,59
59,445,446,58,60
60,446,447,59,61
61,447,448,60,62
62,448,449,61,63
63,449,450,62,64
64,450,451,63,65
65,451,452,64,66
66,452,453,65,67
67,453,454,66,68
68,454,455,67,69
69,455,456,68,70
70,456,457,69,71
71,457,458,70,72
72,458,459,71,73
73,459,460,72,74
74,460,461,73,75
75,461,462,74,76
76,462,463,75,77
77,463,464,76,78
78,464,465,77,79
79,465,466,78,80
80,466,467,79,81
81,467,468,80,82
82,468,469,81,83
83,469,470,82,84
84,470,471,83,85
85,471,472,84,86
86,472,473,85,87
87,473,474,86,88
88,474,475,87,89
89,475,476,88,90
90,476,477,89,91
91,477,478,90,92
92,478,479,91,93
93,479,480,92,94
94,480,481,93,95
95,481,482,94,96
96,482,483,95,97
97,483,484,96,98
98,484,485,97,99
99,485,486,98,100
100,486,487,99,101
101,487,488,100,102
102,488,489,101,103
103,489,490,102,104
104,490,491,103,0
106,493,434,107,49
107,494,493,108,106
108,495,494,109,107
109,496,495,110,108
110,497,496,111,109
111,498,497,112,110
112,499,498,113,111
113,500,499,114,112
114,501,500,115,113
115,502,501,116,114
116,503,502,117,115
117,504,503,118,116
118,505,504,119,117
119,506,505,120,118
120,507,506,121,119
121,508,507,122,120
122,509,508,123,121
123,510,509,124,122
124,511,510,125,123
125,512,511,126,124
126,513,512,127,125
127,514,513,128,126
128,515,514,129,127
129,516,515,130,128
130,517,516,131,129
131,518,517,132,130
132,519,518,133,131
133,520,519,134,132
134,521,520,135,133
135,522,521,136,134
136,523,522,137,135
137,524,523,138,136
138,525,524,139,137
139,526,525,140,138
140,527,526,141,139
141,528,527,142,140
142,529,528,143,141
143,530,529,144,142
144,531,530,145,143
145,532,531,146,144
146,533,532,147,145
147,534,533,148,146
148,535,534,149,147
149,536,535,150,148
150,537,536,151,149
151,538,537,152,150
152,539,538,153,151
153,540,539,154,152
154,541,540,155,153
155,542,541,156,154
156,543,542,157,155
157,544,543,158,156
158,545,544,159,157
159,546,545,160,158
160,547,546,161,159
161,548,547,162,160
162,549,548,163,161
163,550,549,164,162
164,551,550,165,163
165,552,551,166,164
166,553,552,167,165
167,554,553,168,166
168,555,554,169,167
169,556,555,170,168
170,557,556,171,169
171,558,557,172,170
172,559,558,173,171
173,560,559,174,172
174,561,560,175,173
175,562,561,176,174
176,563,562,177,175
177,564,563,178,176
178,565,564,179,177
179,566,565,180,178
180,567,566,181,179
181,568,567,182,180
182,569,568,183,181
183,570,569,184,182
184,571,570,185,183
185,572,571,186,184
186,573,572,187,185
187,574,573,188,186
188,575,574,189,187
189,576,575,190,188
190,577,576,191,189
191,578,577,192,190
192,579,578,193,191
193,580,579,194,192
194,581,580,195,193
195,582,581,196,194
196,583,582,197,195
197,584,583,198,196
198,585,584,199,197
199,586,585,200,198
200,587,586,201,199
201,588,587,202,200
202,589,588,203,201
203,590,589,204,202
204,591,590,205,203
205,592,591,206,204
206,593,592,207,205
207,594,593,208,206
208,595,594,209,207
209,596,595,210,208
210,597,596,211,209
211,598,597,212,210
212,599,598,213,211
213,600,599,214,212
214,601,600,215,213
215,602,601,216,214
216,603,602,217,215
217,604,603,218,216
218,605,604,219,217
219,606,605,220,218
220,607,606,221,219
221,608,607,222,220
222,609,608,223,221
223,610,609,224,222
224,611,610,0,223
225,612,613,0,226
226,613,614,225,227
227,614,615,226,228
228,615,616,227,229
229,616,617,228,230
230,617,618,229,231
231,618,619,230,232
232,619,620,231,233
233,620,621,232,234
234,621,622,233,235
235,622,623,234,236
236,623,624,235,237
237,624,625,236,238
238,625,626,237,239
239,626,627,238,240
240,627,628,239,241
241,628,629,240,242
242,629,630,241,243
243,630,631,242,244
244,631,632,243,245
245,632,633,244,246
246,633,634,245,247
247,634,635,246,248
248,635,636,247,249
249,636,637,248,250
250,637,638,249,251
251,638,639,250,252
252,639,640,251,253
253,640,641,252,254
254,641,642,253,255
255,642,643,254,256
256,643,644,255,257
257,644,645,256,258
258,645,646,257,259
259,646,647,258,260
260,647,648,259,261
261,648,649,260,262
262,649,650,261,263
263,650,651,262,264
264,651,652,263,265
265,652,653,264,266
266,653,654,265,267
267,654,655,266,268
268,655,656,267,269
269,656,657,268,270
270,657,658,269,271
271,658,659,270,272
272,659,660,271,273
273,660,661,272,274
274,661,662,273,275
275,662,663,274,276
276,663,664,275,277
277,664,665,276,0
278,666,667,0,279
279,667,668,278,280
280,668,669,279,281
281,669,670,280,282
282,670,671,281,283
283,671,672,282,284
284,672,673,283,285
285,673,674,284,286
286,674,675,285,287
287,675,676,286,288
288,676,677,287,289
289,677,678,288,290
290,678,679,289,291
291,679,680,290,292
292,680,681,291,293
293,681,682,292,294
294,682,683,293,295
295,683,684,294,296
296,684,685,295,297
297,685,686,296,298
298,686,687,297,299
299,687,688,298,300
300,688,689,299,301
301,689,690,300,302
302,690,691,301,303
303,691,692,302,304
304,692,693,303,305
305,693,694,304,306
306,694,695,305,307
307,695,696,306,308
308,696,697,307,309
309,697,698,308,310
310,698,699,309,311
311,699,700,310,312
312,700,701,311,0
314,703,704,0,315
315,704,705,314,316
316,705,706,315,317
317,706,707,316,318
318,707,708,317,319
319,708,709,318,320
320,709,710,319,321
321,710,711,320,322
322,711,712,321,323
323,712,713,322,324
324,713,714,323,325
325,714,715,324,326
326,715,716,325,327
327,716,717,326,328
328,717,718,327,329
329,718,719,328,330
330,719,720,329,331
331,720,721,330,332
332,721,722,331,333
333,722,723,332,334
334,723,724,333,335
335,724,725,334,336
336,725,726,335,337
337,726,727,336,338
338,727,728,337,339
339,728,729,338,340
340,729,730,339,341
341,730,731,340,342
342,731,732,341,343
343,732,733,342,344
344,733,734,343,345
345,734,735,344,346
346,735,736,345,347
347,736,737,346,348
348,737,738,347,349
349,738,739,348,350
350,739,740,349,351
351,740,741,350,352
352,741,742,351,353
353,742,743,352,354
354,743,744,353,355
355,744,745,354,356
356,745,746,355,357
357,746,747,356,358
358,747,748,357,359
359,748,749,358,360
360,749,750,359,361
361,750,751,360,362
362,751,752,361,363
363,752,753,362,364
364,753,754,363,365
365,754,755,364,0
366,756,757,0,367
367,757,758,366,368
368,758,759,367,369
369,759,760,368,370
370,760,761,369,371
371,761,762,370,372
372,762,763,371,373
373,763,764,372,374
374,764,765,373,375
375,765,766,374,376
376,766,767,375,377
377,767,768,376,378
378,768,769,377,379
379,769,770,378,380
380,770,771,379,381
381,771,772,380,382
382,772,773,381,383
383,773,774,382,384
384,774,775,383,385
385,775,776,384,386
386,776,777,385,387
387,777,778,386,388
388,778,779,387,389
389,779,780,388,390
390,780,781,389,391
391,781,782,390,392
392,782,783,391,393
393,783,784,392,394
394,784,785,393,395
395,785,786,394,396
396,786,787,395,397
397,787,788,396,398
398,788,789,397,399
399,789,790,398,400
400,790,791,399,401
401,791,792,400,0
402,424,793,0,403
403,793,794,402,404
404,794,795,403,405
405,795,796,404,406
406,796,797,405,407
407,797,798,406,0
409,800,801,0,410
410,801,802,409,0
411,803,804,0,0
412,805,806,0,0
413,807,808,0,0
414,809,810,0,415
415,810,811,414,0
416,812,813,0,0
417,814,815,0,0
418,816,817,0,0
419,818,819,0,0
420,820,821,0,0
421,822,823,0,0
422,824,825,0,0
423,826,827,0,0
424,828,829,0,0
425,830,831,0,0
430,3219,3220,0,431
431,3220,3221,430,432
432,3221,3222,431,433
433,3222,3223,432,434
434,3223,3224,433,435
435,3224,3225,434,436
436,3225,3226,435,437
437,3226,3227,436,438
438,3227,3228,437,439
439,3228,3229,438,440
440,3229,3230,439,441
441,3230,3231,440,442
442,3231,3232,441,443
443,3232,3219,442,0
444,3233,3234,0,445
445,3234,3235,444,446
446,3235,3236,445,447
447,3236,3237,446,448
448,3237,3238,447,449
449,3238,3239,448,450
450,3239,3240,449,451
451,3240,3241,450,452
452,3241,3242,451,453
453,3242,3243,452,454
454,3243,3244,453,455
455,3244,3245,454,456
456,3245,3246,455,457
457,3246,3233,456,0
458,3247,3248,0,459
459,3248,3249,458,460
460,3249,3250,459,461
461,3250,3251,460,462
462,3251,3252,461,463
463,3252,3253,462,464
464,3253,3254,463,465
465,3254,3255,464,466
466,3255,3256,465,467
467,3256,3257,466,468
468,3257,3258,467,469
469,3258,3259,468,470
470,3259,3260,469,471
471,3260,3247,470,0
472,3261,3262,0,473
473,3262,3263,472,474
474,3263,3264,473,475
475,3264,3265,474,476
476,3265,3266,475,477
477,3266,3267,476,478
478,3267,3268,477,479
479,3268,3269,478,480
480,3269,3261,479,0
481,3270,3271,0,482
482,3271,3272,481,483
483,3272,3273,482,484
484,3273,3274,483,485
485,3274,3270,484,0
486,3275,3276,0,487
487,3276,3277,486,488
488,3277,3278,487,489
489,3278,3279,488,490
490,3279,3280,489,491
491,3280,3275,490,0
492,3281,3282,0,493
493,3282,3283,492,494
494,3283,3284,493,495
495,3284,3285,494,496
496,3285,3281,495,0
497,3286,3287,0,498
498,3287,3288,497,499
499,3288,3289,498,500
500,3289,3290,499,501
501,3290,3291,500,502
502,3291,3292,501,503
503,3292,3293,502,504
504,3293,3294,503,505
505,3294,3295,504,506
506,3295,3286,505,0
507,3296,3297,0,508
508,3297,3298,507,509
509,3298,3299,508,510
510,3299,3300,509,511
511,3300,3296,510,0
512,3301,3302,0,513
513,3302,3303,512,514
514,3303,3304,513,515
515,3304,3305,514,516
516,3305,3306,515,517
517,3306,3307,516,518
518,3307,3308,517,519
519,3308,3301,518,0
520,3309,3310,0,521
521,3310,3311,520,522
522,3311,3312,521,523
523,3312,3313,522,524
524,3313,3314,523,525
525,3314,3315,524,526
526,3315,3309,525,0
533,3322,3323,0,534
534,3323,3324,533,535
535,3324,3325,534,536
536,3325,3326,535,537
537,3326,3327,536,538
538,3327,3328,537,539
539,3328,3322,538,0
540,3329,3330,0,541
541,3330,3331,540,542
542,3331,3332,541,543
543,3332,3333,542,544
544,3333,3334,543,545
545,3334,3335,544,546
546,3335,3336,545,547
547,3336,3337,546,548
548,3337,3338,547,549
549,3338,3339,548,550
550,3339,3329,549,0
551,3340,3341,0,552
552,3341,3342,551,553
553,3342,3343,552,554
554,3343,3344,553,555
555,3344,3345,554,556
556,3345,3346,555,557
557,3346,3347,556,558
558,3347,3340,557,0
559,3348,3349,0,560
560,3349,3350,559,561
561,3350,3351,560,562
562,3351,3352,561,563
563,3352,3348,562,0
564,3353,3354,0,565
565,3354,3355,564,566
566,3355,3356,565,567
567,3356,3357,566,568
568,3357,3358,567,569
569,3358,3359,568,570
570,3359,3360,569,571
571,3360,3361,570,572
572,3361,3362,571,573
573,3362,3363,572,574
574,3363,3364,573,575
575,3364,3365,574,576
576,3365,3366,575,577
577,3366,3353,576,0
578,3367,3368,0,579
579,3368,3369,578,580
580,3369,3370,579,581
581,3370,3371,580,582
582,3371,3372,581,583
583,3372,3373,582,584
584,3373,3374,583,585
585,3374,3375,584,586
586,3375,3376,585,587
587,3376,3377,586,588
588,3377,3378,587,589
589,3378,3379,588,590
590,3379,3380,589,591
591,3380,3381,590,592
592,3381,3382,591,593
593,3382,3383,592,594
594,3383,3384,593,595
595,3384,3385,594,596
596,3385,3386,595,597
597,3386,3387,596,598
598,3387,3388,597,599
599,3388,3389,598,600
600,3389,3390,599,601
601,3390,3391,600,602
602,3391,3392,601,603
603,3392,3393,602,604
604,3393,3394,603,605
605,3394,3395,604,606
606,3395,3396,605,607
607,3396,3397,606,608
608,3397,3398,607,609
609,3398,3367,608,0
610,3399,3400,0,611
611,3400,3401,610,612
612,3401,3402,611,613
613,3402,3403,612,614
614,3403,3404,613,615
615,3404,3405,614,616
616,3405,3406,615,617
617,3406,3407,616,618
618,3407,3408,617,619
619,3408,3409,618,620
620,3409,3410,619,621
621,3410,3411,620,622
622,3411,3412,621,623
623,3412,3413,622,624
624,3413,3414,623,625
625,3414,3415,624,626
626,3415,3416,625,627
627,3416,3417,626,628
628,3417,3418,627,629
629,3418,3419,628,630
630,3419,3420,629,631
631,3420,3421,630,632
632,3421,3422,631,633
633,3422,3423,632,634
634,3423,3424,633,635
635,3424,3425,634,636
636,3425,3399,635,0
637,3426,3427,0,638
638,3427,3428,637,639
639,3428,3429,638,640
640,3429,3430,639,641
641,3430,3431,640,642
642,3431,3432,641,643
643,3432,3433,642,644
644,3433,3434,643,645
645,3434,3435,644,646
646,3435,3436,645,647
647,3436,3437,646,648
648,3437,3438,647,649
649,3438,3439,648,650
650,3439,3440,649,651
651,3440,3441,650,652
652,3441,3442,651,653
653,3442,3443,652,654
654,3443,3444,653,655
655,3444,3445,654,656
656,3445,3446,655,657
657,3446,3447,656,658
658,3447,3448,657,659
659,3448,3449,658,660
660,3449,3450,659,661
661,3450,3451,660,662
662,3451,3426,661,0
663,3452,3453,0,664
664,3453,3454,663,665
665,3454,3455,664,666
666,3455,3456,665,667
667,3456,3457,666,668
668,3457,3458,667,669
669,3458,3459,668,670
670,3459,3460,669,671
671,3460,3461,670,672
672,3461,3462,671,673
673,3462,3463,672,674
674,3463,3464,673,675
675,3464,3465,674,676
676,3465,3466,675,677
677,3466,3467,676,678
678,3467,3468,677,679
679,3468,3469,678,680
680,3469,3470,679,681
681,3470,3471,680,682
682,3471,3472,681,683
683,3472,3452,682,0
684,3473,3474,0,685
685,3474,3475,684,686
686,3475,3476,685,687
687,3476,3477,686,688
688,3477,3478,687,689
689,3478,3479,688,690
690,3479,3480,689,691
691,3480,3481,690,692
692,3481,3482,691,693
693,3482,3483,692,694
694,3483,3484,693,695
695,3484,3485,694,696
696,3485,3486,695,697
697,3486,3473,696,0
698,3487,3488,0,699
699,3488,3489,698,700
700,3489,3490,699,701
701,3490,3491,700,702
702,3491,3492,701,703
703,3492,3493,702,704
704,3493,3494,703,705
705,3494,3495,704,706
706,3495,3487,705,0
707,3496,3497,0,708
708,3497,3498,707,709
709,3498,3499,708,710
710,3499,3500,709,711
711,3500,3501,710,712
712,3501,3502,711,713
713,3502,3503,712,714
714,3503,3504,713,715
715,3504,3505,714,716
716,3505,3506,715,717
717,3506,3507,716,718
718,3507,3508,717,719
719,3508,3509,718,720
720,3509,3510,719,721
721,3510,3511,720,722
722,3511,3512,721,723
723,3512,3513,722,724
724,3513,3496,723,0
725,3514,3515,0,726
726,3515,3516,725,727
727,3516,3517,726,728
728,3517,3518,727,729
729,3518,3519,728,730
730,3519,3520,729,731
731,3520,3521,730,732
732,3521,3522,731,733
733,3522,3523,732,734
734,3523,3524,733,735
735,3524,3525,734,736
736,3525,3526,735,737
737,3526,3527,736,738
738,3527,3528,737,739
739,3528,3529,738,740
740,3529,3530,739,741
741,3530,3531,740,742
742,3531,3532,741,743
743,3532,3533,742,744
744,3533,3534,743,745
745,3534,3535,744,746
746,3535,3514,745,0
747,3536,3537,0,748
748,3537,3538,747,749
749,3538,3539,748,750
750,3539,3540,749,751
751,3540,3541,750,752
752,3541,3542,751,753
753,3542,3543,752,754
754,3543,3544,753,755
755,3544,3545,754,756
756,3545,3546,755,757
757,3546,3547,756,758
758,3547,3548,757,759
759,3548,3549,758,760
760,3549,3550,759,761
761,3550,3551,760,762
762,3551,3552,761,763
763,3552,3553,762,764
764,3553,3536,763,0
765,3554,3555,0,766
766,3555,3556,765,767
767,3556,3557,766,768
768,3557,3558,767,769
769,3558,3559,768,770
770,3559,3560,769,771
771,3560,3561,770,772
772,3561,3562,771,773
773,3562,3563,772,774
774,3563,3564,773,775
775,3564,3565,774,776
776,3565,3566,775,777
777,3566,3567,776,778
778,3567,3568,777,779
779,3568,3569,778,780
780,3569,3570,779,781
781,3570,3571,780,782
782,3571,3572,781,783
783,3572,3573,782,784
784,3573,3574,783,785
785,3574,3575,784,786
786,3575,3576,785,787
787,3576,3554,786,0
788,3577,3578,0,789
789,3578,3579,788,790
790,3579,3580,789,791
791,3580,3581,790,792
792,3581,3582,791,793
793,3582,3583,792,794
794,3583,3577,793,0
795,3584,3585,0,796
796,3585,3586,795,797
797,3586,3587,796,798
798,3587,3588,797,799
799,3588,3589,798,800
800,3589,3590,799,801
801,3590,3591,800,802
802,3591,3592,801,803
803,3592,3593,802,804
804,3593,3594,803,805
805,3594,3595,804,806
806,3595,3596,805,807
807,3596,3597,806,808
808,3597,3598,807,809
809,3598,3599,808,810
810,3599,3600,809,811
811,3600,3601,810,812
812,3601,3602,811,813
813,3602,3603,812,814
814,3603,3584,813,0
815,3604,3605,0,816
816,3605,3606,815,817
817,3606,3607,816,818
818,3607,3608,817,819
819,3608,3609,818,820
820,3609,3604,819,0
864,3653,3654,0,865
865,3654,3655,864,866
866,3655,3656,865,867
867,3656,3657,866,868
868,3657,3658,867,869
869,3658,3659,868,870
870,3659,3660,869,871
871,3660,3661,870,872
872,3661,3662,871,873
873,3662,3653,872,0
874,3663,3664,0,875
875,3664,3665,874,876
876,3665,3666,875,877
877,3666,3667,876,878
878,3667,3668,877,879
879,3668,3669,878,880
880,3669,3670,879,881
881,3670,3671,880,882
882,3671,3672,881,883
883,3672,3673,882,884
884,3673,3674,883,885
885,3674,3675,884,886
886,3675,3676,885,887
887,3676,3677,886,888
888,3677,3678,887,889
889,3678,3679,888,890
890,3679,3680,889,891
891,3680,3681,890,892
892,3681,3682,891,893
893,3682,3683,892,894
894,3683,3684,893,895
895,3684,3685,894,896
896,3685,3686,895,897
897,3686,3663,896,0
898,3687,3688,0,899
899,3688,3689,898,900
900,3689,3690,899,901
901,3690,3691,900,902
902,3691,3692,901,903
903,3692,3693,902,904
904,3693,3694,903,905
905,3694,3695,904,906
906,3695,3696,905,907
907,3696,3697,906,908
908,3697,3698,907,909
909,3698,3699,908,910
910,3699,3700,909,911
911,3700,3701,910,912
912,3701,3702,911,913
913,3702,3703,912,914
914,3703,3704,913,915
915,3704,3705,914,916
916,3705,3706,915,917
917,3706,3707,916,918
918,3707,3708,917,919
919,3708,3709,918,920
920,3709,3710,919,921
921,3710,3711,920,922
922,3711,3712,921,923
923,3712,3713,922,924
924,3713,3714,923,925
925,3714,3715,924,926
926,3715,3716,925,927
927,3716,3717,926,928
928,3717,3718,927,929
929,3718,3719,928,930
930,3719,3687,929,0
931,3720,3721,0,932
932,3721,3722,931,933
933,3722,3723,932,934
934,3723,3724,933,935
935,3724,3725,934,936
936,3725,3726,935,937
937,3726,3727,936,938
938,3727,3728,937,939
939,3728,3729,938,940
940,3729,3730,939,941
941,3730,3731,940,942
942,3731,3732,941,943
943,3732,3733,942,944
944,3733,3720,943,0
945,3734,3735,0,946
946,3735,3736,945,947
947,3736,3737,946,948
948,3737,3738,947,949
949,3738,3739,948,950
950,3739,3740,949,951
951,3740,3741,950,952
952,3741,3742,951,953
953,3742,3743,952,954
954,3743,3744,953,955
955,3744,3745,954,956
956,3745,3746,955,957
957,3746,3734,956,0
958,3747,3748,0,959
959,3748,3749,958,960
960,3749,3750,959,961
961,3750,3751,960,962
962,3751,3752,961,963
963,3752,3753,962,964
964,3753,3754,963,965
965,3754,3755,964,966
966,3755,3756,965,967
967,3756,3757,966,968
968,3757,3758,967,969
969,3758,3759,968,970
970,3759,3760,969,971
971,3760,3747,970,0
972,3761,3762,0,973
973,3762,3763,972,974
974,3763,3764,973,975
975,3764,3765,974,976
976,3765,3766,975,977
977,3766,3767,976,978
978,3767,3768,977,979
979,3768,3769,978,980
980,3769,3770,979,981
981,3770,3771,980,982
982,3771,3772,981,983
983,3772,3773,982,984
984,3773,3761,983,0
985,3774,3775,0,986
986,3775,3776,985,987
987,3776,3777,986,988
988,3777,3774,987,0
