NID,PID
1,1
2,2
11,11
12,12
13,13
14,14
15,15
16,16
17,17
18,18
19,19
20,20
21,21
22,22
23,23
24,24
25,25
26,26
27,27
28,28
29,29
30,30
31,31
32,32
33,33
34,34
35,35
36,36
37,37
38,38
39,39
40,40
41,41
42,42
43,43
44,44
45,45
46,46
47,47
48,48
49,49
50,50
51,51
52,52
53,53
54,54
55,55
56,56
57,57
58,58
59,59
60,60
61,61
62,62
63,63
64,64
65,65
66,66
67,67
68,68
69,69
70,70
71,71
72,72
73,73
74,74
75,75
76,76
77,77
78,78
79,79
80,80
81,81
82,82
83,83
84,84
85,85
86,86
87,87
88,88
89,89
90,90
91,91
92,92
93,93
94,94
95,95
96,96
97,97
98,98
99,99
100,100
101,101
102,102
103,103
104,104
105,105
106,106
107,107
108,108
109,109
110,110
111,111
112,112
113,113
114,114
115,115
116,116
117,117
118,118
119,119
120,120
121,121
122,122
123,123
124,124
125,125
126,126
127,127
128,128
129,129
130,130
131,131
132,132
133,133
134,134
135,135
136,136
137,137
138,138
139,139
140,140
141,141
142,142
143,143
144,144
145,145
146,146
147,147
148,148
149,149
150,150
151,151
152,152
153,153
154,154
155,155
156,156
157,157
158,158
159,159
160,160
161,161
162,162
163,163
164,164
165,165
166,166
167,167
168,168
169,169
170,170
171,171
172,172
173,173
174,174
175,175
176,176
177,177
178,178
179,179
180,180
181,181
182,182
183,183
184,184
185,185
186,186
187,187
188,188
189,189
190,190
191,191
192,192
193,193
194,194
195,195
196,196
197,197
198,198
199,199
200,200
201,201
202,202
203,203
204,204
205,205
206,221
207,222
208,227
209,228
210,229
211,230
212,231
213,232
214,233
215,234
216,235
217,236
218,237
219,238
220,239
221,240
222,241
223,242
224,243
225,244
226,245
227,246
228,247
229,248
230,249
231,250
232,251
233,252
234,253
235,254
236,255
237,256
238,257
239,258
240,259
241,260
242,261
243,262
244,263
245,264
246,265
247,266
248,267
249,268
250,269
251,270
252,271
253,272
254,273
255,274
256,275
257,276
258,277
259,278
260,279
261,280
262,281
263,282
264,283
265,284
266,285
267,286
268,287
269,288
270,289
271,290
272,291
273,292
274,293
275,294
276,295
277,296
278,297
279,298
280,299
281,300
282,301
283,302
284,303
285,304
286,305
287,306
288,307
289,308
290,309
291,310
292,311
293,312
294,313
295,314
296,315
297,316
298,317
299,318
300,319
301,320
302,321
303,322
304,323
305,324
306,325
307,326
308,327
309,328
310,329
311,330
312,331
313,332
314,333
315,334
316,335
317,336
318,337
319,338
320,339
321,340
322,341
323,342
324,343
325,344
326,345
327,346
328,347
329,348
330,349
331,350
332,351
333,352
334,353
335,354
336,355
337,356
338,357
339,358
340,359
341,360
342,361
343,362
344,363
345,364
346,365
347,366
348,367
349,368
350,369
351,370
352,371
353,372
354,373
355,374
356,375
357,376
358,377
359,378
360,379
361,380
362,381
363,382
364,383
365,384
366,385
367,386
368,387
369,388
370,389
371,390
372,391
373,392
374,393
375,394
376,395
377,396
378,397
379,398
380,399
381,400
382,401
383,402
384,832
385,833
386,834
387,835
388,836
389,837
390,838
391,839
392,840
393,841
394,842
395,843
396,844
397,845
398,846
399,847
400,848
401,849
402,850
403,851
404,852
405,853
406,854
407,855
408,856
409,857
410,858
411,859
412,860
413,861
414,862
415,863
416,864
417,865
418,866
419,867
420,868
421,869
422,870
423,871
424,872
425,873
426,874
427,875
428,876
429,877
430,878
431,879
432,880
433,881
434,882
435,883
436,884
437,885
438,886
439,887
440,888
441,889
442,890
443,891
444,892
445,893
446,894
447,895
448,896
449,897
450,898
451,899
452,900
453,901
454,902
455,903
456,904
457,905
458,906
459,907
460,908
461,909
462,910
463,911
464,912
465,913
466,914
467,915
468,916
469,917
470,918
471,919
472,920
473,921
474,922
475,923
476,924
477,925
478,926
479,927
480,928
481,929
482,930
483,931
484,932
485,933
486,934
487,935
488,936
489,937
490,938
491,939
492,940
493,941
494,942
495,943
496,944
497,945
498,946
499,947
500,948
501,949
502,950
503,951
504,952
505,953
506,954
507,955
508,956
509,957
510,958
511,959
512,960
513,961
514,962
515,963
516,964
517,965
518,966
519,967
520,968
521,969
522,970
523,971
524,972
525,973
526,974
527,975
528,976
529,977
530,978
531,979
532,980
533,981
534,982
535,983
536,984
537,985
538,986
539,987
540,988
541,989
542,990
543,991
544,992
545,993
546,994
547,995
548,996
549,997
550,998
551,999
552,1000
553,1001
554,1002
555,1003
556,1004
557,1005
558,1006
559,1007
560,1008
561,1009
562,1010
563,1011
564,1012
565,1013
566,1014
567,1015
568,1016
569,1017
570,1018
571,1019
572,1020
573,1021
574,1022
575,1023
576,1024
577,1025
578,1026
579,1027
580,1028
581,1029
582,1030
583,1031
584,1032
585,1033
586,1034
587,1035
588,1036
589,1037
590,1038
591,1039
592,1040
593,1041
594,1042
595,1043
596,1044
597,1045
598,1046
599,1047
600,1048
601,1049
602,1050
603,1051
604,1052
605,1053
606,1054
607,1055
608,1056
609,1057
610,1058
611,1059
612,1060
613,1061
614,1062
615,1063
616,1064
617,1065
618,1066
619,1067
620,1068
621,1069
622,1070
623,1071
624,1072
625,1073
626,1074
627,1075
628,1076
629,1077
630,1078
631,1079
632,1080
633,1081
634,1082
635,1083
636,1084
637,1085
638,1086
639,1087
640,1088
641,1089
642,1090
643,1091
644,1092
645,1093
646,1094
647,1095
648,1096
649,1097
650,1098
651,1099
652,1100
653,1101
654,1102
655,1103
656,1104
657,1105
658,1106
659,1107
660,1108
661,1109
662,1110
663,1111
664,1112
665,1113
666,1114
667,1115
668,1116
669,1117
670,1118
671,1119
672,1120
673,1121
674,1122
675,1123
676,1124
677,1125
678,1126
679,1127
680,1128
681,1129
682,1130
683,1131
684,1132
685,1133
686,1134
687,1135
688,1136
689,1137
690,1138
691,1139
692,1140
693,1141
694,1142
695,1143
696,1144
697,1145
698,1146
699,1147
700,1148
701,1149
702,1150
703,1151
704,1152
705,1153
706,1154
707,1155
708,1156
709,1157
710,1158
711,1159
712,1160
713,1161
714,1162
715,1163
716,1164
717,1165
718,1166
719,1167
720,1168
721,1169
722,1170
723,1171
724,1172
725,1173
726,1174
727,1175
728,1176
729,1177
730,1178
731,1179
732,1180
733,1181
734,1182
735,1183
736,1184
737,1185
738,1186
739,1187
740,1188
741,1189
742,1190
743,1191
744,1192
745,1193
746,1194
747,1195
748,1196
749,1197
750,1198
751,1199
752,1200
753,1201
754,1202
755,1203
756,1204
757,1205
758,1206
759,1207
760,1208
761,1209
762,1210
763,1211
764,1212
765,1213
766,1214
767,1215
768,1216
769,1217
770,1218
771,1219
772,1220
773,1221
774,1222
775,1223
776,1224
777,1225
778,1226
779,1227
780,1228
781,1229
782,1230
783,1231
784,1232
785,1233
786,1234
787,1235
788,1236
789,1237
790,1238
791,1239
792,1240
793,1241
794,1242
795,1243
796,1244
797,1245
798,1246
799,1247
800,1248
801,1249
802,1250
803,1251
804,1252
805,1253
806,1254
807,1255
808,1256
809,1257
810,1258
811,1259
812,1260
813,1261
814,1262
815,1263
816,1264
817,1265
818,1266
819,1267
820,1268
821,1269
822,1270
823,1271
824,1272
825,1273
826,1274
827,1275
828,1276
829,1277
830,1278
831,1279
832,1280
833,1281
834,1282
835,1283
836,1284
837,1285
838,1286
839,1287
840,1288
841,1289
842,1290
843,1291
844,1292
845,1293
846,1294
847,1295
848,1296
849,1297
850,1298
851,1299
852,1300
853,1301
854,1302
855,1303
856,1304
857,1305
858,1306
859,1307
860,1308
861,1309
862,1310
863,1311
864,1312
865,1313
866,1314
867,1315
868,1316
869,1317
870,1318
871,1319
872,1320
873,1321
874,1322
875,1323
876,1324
877,1325
878,1326
879,1327
880,1328
881,1329
882,1330
883,1331
884,1332
885,1333
886,1334
887,1335
888,1336
889,1337
890,1338
891,1339
892,1340
893,1341
894,1342
895,1343
896,1344
897,1345
898,1346
899,1347
900,1348
901,1349
902,1350
903,1351
904,1352
905,1353
906,1354
907,1355
908,1356
909,1357
910,1358
911,1359
912,1360
913,1361
914,1362
915,1363
916,1364
917,1365
918,1366
919,1367
920,1368
921,1369
922,1370
923,1371
924,1372
925,1373
926,1374
927,1375
928,1376
929,1377
930,1378
931,1379
932,1380
933,1381
934,1382
935,1383
936,1384
937,1385
938,1386
939,1387
940,1388
941,1389
942,1390
943,1391
944,1392
945,1393
946,1394
947,1395
948,1396
949,1397
950,1398
951,1399
952,1400
953,1401
954,1402
955,1403
956,1404
957,1405
958,1406
959,1407
960,1408
961,1409
962,1410
963,1411
964,1412
965,1413
966,1414
967,1415
968,1416
969,1417
970,1418
971,1419
972,1420
973,1421
974,1422
975,1423
976,1424
977,1425
978,1426
979,1427
980,1428
981,1429
982,1430
983,1431
984,1432
985,1433
986,1434
987,1435
988,1436
989,1437
990,1438
991,1439
992,1440
993,1441
994,1442
995,1443
996,1444
997,1445
998,1446
999,1447
1000,1448
1001,1449
1002,1450
1003,1451
1004,1452
1005,1453
1006,1454
1007,1455
1008,1456
1009,1457
1010,1458
1011,1459
1012,1460
1013,1461
1014,1462
1015,1463
1016,1464
1017,1465
1018,1466
1019,1467
1020,1468
1021,1469
1022,1470
1023,1471
1024,1472
1025,1473
1026,1474
1027,1475
1028,1476
1029,1477
1030,1478
1031,1479
1032,1480
1033,1481
1034,1482
1035,1483
1036,1484
1037,1485
1038,1486
1039,1487
1040,1488
1041,1489
1042,1490
1043,1491
1044,1492
1045,1493
1046,1494
1047,1495
1048,1496
1049,1497
1050,1498
1051,1499
1052,1500
1053,1501
1054,1502
1055,1503
1056,1504
1057,1505
1058,1506
1059,1507
1060,1508
1061,1509
1062,1510
1063,1511
1064,1512
1065,1513
1066,1514
1067,1515
1068,1516
1069,1517
1070,1518
1071,1519
1072,1520
1073,1521
1074,1522
1075,1523
1076,1524
1077,1525
1078,1526
1079,1527
1080,1528
1081,1529
1082,1530
1083,1531
1084,1532
1085,1533
1086,1534
1087,1535
1088,1536
1089,1537
1090,1538
1091,1539
1092,1540
1093,1541
1094,1542
1095,1543
1096,1544
1097,1545
1098,1546
1099,1547
1100,1548
1101,1549
1102,1550
1103,1551
1104,1552
1105,1553
1106,1554
1107,1555
1108,1556
1109,1557
1110,1558
1111,1559
1112,1560
1113,1561
1114,1562
1115,1563
1116,1564
1117,1565
1118,1566
1119,1567
1120,1568
1121,1569
1122,1570
1123,1571
1124,1572
1125,1573
1126,1574
1127,1575
1128,1576
1129,1577
1130,1578
1131,1579
1132,1580
1133,1581
1134,1582
1135,1583
1136,1584
1137,1585
1138,1586
1139,1587
1140,1588
1141,1589
1142,1590
1143,1591
1144,1592
1145,1593
1146,1594
1147,1595
1148,1596
1149,1597
1150,1598
1151,1599
1152,1600
1153,1601
1154,1602
1155,1603
1156,1604
1157,1605
1158,1606
1159,1607
1160,1608
1161,1609
1162,1610
1163,1611
1164,1612
1165,1613
1166,1614
1167,1615
1168,1616
1169,1617
1170,1618
1171,1619
1172,1620
1173,1621
1174,1622
1175,1623
1176,1624
1177,1625
1178,1626
1179,1627
1180,1628
1181,1629
1182,1630
1183,1631
1184,1632
1185,1633
1186,1634
1187,1635
1188,1636
1189,1637
1190,1638
1191,1639
1192,1640
1193,1641
1194,1642
1195,1643
1196,1644
1197,1645
1198,1646
1199,1647
1200,1648
1201,1649
1202,1650
1203,1651
1204,1652
1205,1653
1206,1654
1207,1655
1208,1656
1209,1657
1210,1658
1211,1659
1212,1660
1213,1661
1214,1662
1215,1663
1216,1664
1217,1665
1218,1666
1219,1667
1220,1668
1221,1669
1222,1670
1223,1671
1224,1672
1225,1673
1226,1674
1227,1675
1228,1676
1229,1677
1230,1678
1231,1679
1232,1680
1233,1681
1234,1682
1235,1683
1236,1684
1237,1685
1238,1686
1239,1687
1240,1688
1241,1689
1242,1690
1243,1691
1244,1692
1245,1693
1246,1694
1247,1695
1248,1696
1249,1697
1250,1698
1251,1699
1252,1700
1253,1701
1254,1702
1255,1703
1256,1704
1257,1705
1258,1706
1259,1707
1260,1708
1261,1709
1262,1710
1263,1711
1264,1712
1265,1713
1266,1714
1267,1715
1268,1716
1269,1717
1270,1718
1271,1719
1272,1720
1273,1721
1274,1722
1275,1723
1276,1724
1277,1725
1278,1726
1279,1727
1280,1728
1281,1729
1282,1730
1283,1731
1284,1732
1285,1733
1286,1734
1287,1735
1288,1736
1289,1737
1290,1738
1291,1739
1292,1740
1293,1741
1294,1742
1295,1743
1296,1744
1297,1745
1298,1746
1299,1747
1300,1748
1301,1749
1302,1750
1303,1751
1304,1752
1305,1753
1306,1754
1307,1755
1308,1756
1309,1757
1310,1758
1311,1759
1312,1760
1313,1761
1314,1762
1315,1763
1316,1764
1317,1765
1318,1766
1319,1767
1320,1768
1321,1769
1322,1770
1323,1771
1324,1772
1325,1773
1326,1774
1327,1775
1328,1776
1329,1777
1330,1778
1331,1779
1332,1780
1333,1781
1334,1782
1335,1783
1336,1784
1337,1785
1338,1786
1339,1787
1340,1788
1341,1789
1342,1790
1343,1791
1344,1792
1345,1793
1346,1794
1347,1795
1348,1796
1349,1797
1350,1798
1351,1799
1352,1800
1353,1801
1354,1802
1355,1803
1356,1804
1357,1805
1358,1806
1359,1807
1360,1808
1361,1809
1362,1810
1363,1811
1364,1812
1365,1813
1366,1814
1367,1815
1368,1816
1369,1817
1370,1818
1371,1819
1372,1820
1373,1821
1374,1822
1375,1823
1376,1824
1377,1825
1378,1826
1379,1827
1380,1828
1381,1829
1382,1830
1383,1831
1384,1832
1385,1833
1386,1834
1387,1835
1388,1836
1389,1837
1390,1838
1391,1839
1392,1840
1393,1841
1394,1842
1395,1843
1396,1844
1397,1845
1398,1846
1399,1847
1400,1848
1401,1849
1402,1850
1403,1851
1404,1852
1405,1853
1406,1854
1407,1855
1408,1856
1409,1857
1410,1858
1411,1859
1412,1860
1413,1861
1414,1862
1415,1863
1416,1864
1417,1865
1418,1866
1419,1867
1420,1868
1421,1869
1422,1870
1423,1871
1424,1872
1425,1873
1426,1874
1427,1875
1428,1876
1429,1877
1430,1878
1431,1879
1432,1880
1433,1881
1434,1882
1435,1883
1436,1884
1437,1885
1438,1886
1439,1887
1440,1888
1441,1889
1442,1890
1443,1891
1444,1892
1445,1893
1446,1894
1447,1895
1448,1896
1449,1897
1450,1898
1451,1899
1452,1900
1453,1901
1454,1902
1455,1903
1456,1904
1457,1905
1458,1906
1459,1907
1460,1908
1461,1909
1462,1910
1463,1911
1464,1912
1465,1913
1466,1914
1467,1915
1468,1916
1469,1917
1470,1918
1471,1919
1472,1920
1473,1921
1474,1922
1475,1923
1476,1924
1477,1925
1478,1926
1479,1927
1480,1928
1481,1929
1482,1930
1483,1931
1484,1932
1485,1933
1486,1934
1487,1935
1488,1936
1489,1937
1490,1938
1491,1939
1492,1940
1493,1941
1494,1942
1495,1943
1496,1944
1497,1945
1498,1946
1499,1947
1500,1948
1501,1949
1502,1950
1503,1951
1504,1952
1505,1953
1506,1954
1507,1955
1508,1956
1509,1957
1510,1958
1511,1959
1512,1960
1513,1961
1514,1962
1515,1963
1516,1964
1517,1965
1518,1966
1519,1967
1520,1968
1521,1969
1522,1970
1523,1971
1524,1972
1525,1973
1526,1974
1527,1975
1528,1976
1529,1977
1530,1978
1531,1979
1532,1980
1533,1981
1534,1982
1535,1983
1536,1984
1537,1985
1538,1986
1539,1987
1540,1988
1541,1989
1542,1990
1543,1991
1544,1992
1545,1993
1546,1994
1547,1995
1548,1996
1549,1997
1550,1998
1551,1999
1552,2000
1553,2001
1554,2002
1555,2003
1556,2004
1557,2005
1558,2006
1559,2007
1560,2008
1561,2009
1562,2010
1563,2011
1564,2012
1565,2013
1566,2014
1567,2015
1568,2016
1569,2017
1570,2018
1571,2019
1572,2020
1573,2021
1574,2022
1575,2023
1576,2024
1577,2025
1578,2026
1579,2027
1580,2028
1581,2029
1582,2030
1583,2031
1584,2032
1585,2033
1586,2034
1587,2035
1588,2036
1589,2037
1590,2038
1591,2039
1592,2040
1593,2041
1594,2042
1595,2043
1596,2044
1597,2045
1598,2046
1599,2047
1600,2048
1601,2049
1602,2050
1603,2051
1604,2052
1605,2053
1606,2054
1607,2055
1608,2056
1609,2057
1610,2058
1611,2059
1612,2060
1613,2061
1614,2062
1615,2063
1616,2064
1617,2065
1618,2066
1619,2067
1620,2068
1621,2069
1622,2070
1623,2071
1624,2072
1625,2073
1626,2074
1627,2075
1628,2076
1629,2077
1630,2078
1631,2079
1632,2080
1633,2081
1634,2082
1635,2083
1636,2084
1637,2085
1638,2086
1639,2087
1640,2088
1641,2089
1642,2090
1643,2091
1644,2092
1645,2093
1646,2094
1647,2095
1648,2096
1649,2097
1650,2098
1651,2099
1652,2100
1653,2101
1654,2102
1655,2103
1656,2104
1657,2105
1658,2106
1659,2107
1660,2108
1661,2109
1662,2110
1663,2111
1664,2112
1665,2113
1666,2114
1667,2115
1668,2116
1669,2117
1670,2118
1671,2119
1672,2120
1673,2121
1674,2122
1675,2123
1676,2124
1677,2125
1678,2126
1679,2127
1680,2128
1681,2129
1682,2130
1683,2131
1684,2132
1685,2133
1686,2134
1687,2135
1688,2136
1689,2137
1690,2138
1691,2139
1692,2140
1693,2141
1694,2142
1695,2143
1696,2144
1697,2145
1698,2146
1699,2147
1700,2148
1701,2149
1702,2150
1703,2151
1704,2152
1705,2153
1706,2154
1707,2155
1708,2156
1709,2157
1710,2158
1711,2159
1712,2160
1713,2161
1714,2162
1715,2163
1716,2164
1717,2165
1718,2166
1719,2167
1720,2168
1721,2169
1722,2170
1723,2171
1724,2172
1725,2173
1726,2174
1727,2175
1728,2176
1729,2177
1730,2178
1731,2179
1732,2180
1733,2181
1734,2182
1735,2183
1736,2184
1737,2185
1738,2186
1739,2187
1740,2188
1741,2189
1742,2190
1743,2191
1744,2192
1745,2193
1746,2194
1747,2195
1748,2196
1749,2197
1750,2198
1751,2199
1752,2200
1753,2201
1754,2202
1755,2203
1756,2204
1757,2205
1758,2206
1759,2207
1760,2208
1761,2209
1762,2210
1763,2211
1764,2212
1765,2213
1766,2214
1767,2215
1768,2216
1769,2217
1770,2218
1771,2219
1772,2220
1773,2221
1774,2222
1775,2223
1776,2224
1777,2225
1778,2226
1779,2227
1780,2228
1781,2229
1782,2230
1783,2231
1784,2232
1785,2233
1786,2234
1787,2235
1788,2236
1789,2237
1790,2238
1791,2239
1792,2240
1793,2241
1794,2242
1795,2243
1796,2244
1797,2245
1798,2246
1799,2247
1800,2248
1801,2249
1802,2250
1803,2251
1804,2252
1805,2253
1806,2254
1807,2255
1808,2256
1809,2257
1810,2258
1811,2259
1812,2260
1813,2261
1814,2262
1815,2263
1816,2264
1817,2265
1818,2266
1819,2267
1820,2268
1821,2269
1822,2270
1823,2271
1824,2272
1825,2273
1826,2274
1827,2275
1828,2276
1829,2277
1830,2278
1831,2279
1832,2280
1833,2281
1834,2282
1835,2283
1836,2284
1837,2285
1838,2286
1839,2287
1840,2288
1841,2289
1842,2290
1843,2291
1844,2292
1845,2293
1846,2294
1847,2295
1848,2296
1849,2297
1850,2298
1851,2299
1852,2300
1853,2301
1854,2302
1855,2303
1856,2304
1857,2305
1858,2306
1859,2307
1860,2308
1861,2309
1862,2310
1863,2311
1864,2312
1865,2313
1866,2314
1867,2315
1868,2316
1869,2317
1870,2318
1871,2319
1872,2320
1873,2321
1874,2322
1875,2323
1876,2324
1877,2325
1878,2326
1879,2327
1880,2328
1881,2329
1882,2330
1883,2331
1884,2332
1885,2333
1886,2334
1887,2335
1888,2336
1889,2337
1890,2338
1891,2339
1892,2340
1893,2341
1894,2342
1895,2343
1896,2344
1897,2345
1898,2346
1899,2347
1900,2348
1901,2349
1902,2350
1903,2351
1904,2352
1905,2353
1906,2354
1907,2355
1908,2356
1909,2357
1910,2358
1911,2359
1912,2360
1913,2361
1914,2362
1915,2363
1916,2364
1917,2365
1918,2366
1919,2367
1920,2368
1921,2369
1922,2370
1923,2371
1924,2372
1925,2373
1926,2374
1927,2375
1928,2376
1929,2377
1930,2378
1931,2379
1932,2380
1933,2381
1934,2382
1935,2383
1936,2384
1937,2385
1938,2386
1939,2387
1940,2388
1941,2389
1942,2390
1943,2391
1944,2392
1945,2393
1946,2394
1947,2395
1948,2396
1949,2397
1950,2398
1951,2399
1952,2400
1953,2401
1954,2402
1955,2403
1956,2404
1957,2405
1958,2406
1959,2407
1960,2408
1961,2409
1962,2410
1963,2411
1964,2412
1965,2413
1966,2414
1967,2415
1968,2416
1969,2417
1970,2418
1971,2419
1972,2420
1973,2421
1974,2422
1975,2423
1976,2424
1977,2425
1978,2426
1979,2427
1980,2428
1981,2429
1982,2430
1983,2431
1984,2432
1985,2433
1986,2434
1987,2435
1988,2436
1989,2437
1990,2438
1991,2439
1992,2440
1993,2441
1994,2442
1995,2443
1996,2444
1997,2445
1998,2446
1999,2447
2000,2448
2001,2449
2002,2450
2003,2451
2004,2452
2005,2453
2006,2454
2007,2455
2008,2456
2009,2457
2010,2458
2011,2459
2012,2460
2013,2461
2014,2462
2015,2463
2016,2464
2017,2465
2018,2466
2019,2467
2020,2468
2021,2469
2022,2470
2023,2471
2024,2472
2025,2473
2026,2474
2027,2475
2028,2476
2029,2477
2034,2482
2035,2483
2036,2484
2038,2486
2039,2487
2040,2488
2041,2489
2042,2490
2043,2491
2044,2492
2045,2493
2046,2494
2047,2495
2048,2496
2049,2497
2050,2498
2051,2499
2052,2500
2053,2501
2054,2502
2055,2503
2056,2504
2057,2505
2058,2506
2059,2507
2060,2508
2061,2509
2062,2510
2063,2511
2064,2512
2065,2513
2066,2514
2067,2515
2068,2516
2069,2517
2070,2518
2071,2519
2072,2520
2073,2521
2074,2522
2075,2523
2076,2524
2077,2525
2078,2526
2079,2527
2080,2528
2081,2529
2082,2530
2083,2531
2084,2532
2085,2533
2086,2534
2087,2535
2088,2536
2089,2537
2090,2538
2091,2539
2092,2540
2093,2541
2094,2542
2095,2543
2096,2544
2097,2545
2098,2546
2099,2547
2100,2548
2101,2549
2102,2550
2103,2551
2104,2552
2105,2553
2106,2554
2107,2555
2108,2556
2109,2557
2110,2558
2111,2559
2112,2560
2113,2561
2114,2562
2115,2563
2116,2564
2117,2565
2118,2566
2119,2567
2120,2568
2121,2569
2122,2570
2123,2571
2124,2572
2125,2573
2126,2574
2127,2575
2128,2576
2129,2577
2130,2578
2131,2579
2132,2580
2133,2581
2134,2582
2135,2583
2136,2584
2137,2585
2138,2586
2139,2587
2140,2588
2141,2589
2142,2590
2143,2591
2144,2592
2145,2593
2146,2594
2147,2595
2148,2596
2149,2597
2150,2598
2151,2599
2152,2600
2153,2601
2154,2602
2155,2603
2156,2604
2157,2605
2158,2606
2159,2607
2160,2608
2161,2609
2162,2610
2163,2611
2164,2612
2165,2613
2166,2614
2167,2615
2168,2616
2169,2617
2170,2618
2171,2619
2172,2620
2173,2621
2174,2622
2175,2623
2176,2624
2177,2625
2178,2626
2179,2627
2180,2628
2181,2629
2182,2630
2183,2631
2184,2632
2185,2633
2186,2634
2187,2635
2188,2636
2189,2637
2190,2638
2191,2639
2192,2640
2193,2641
2194,2642
2195,2643
2196,2644
2197,2645
2198,2646
2199,2647
2200,2648
2201,2649
2202,2650
2203,2651
2204,2652
2205,2653
2206,2654
2207,2655
2208,2656
2209,2657
2210,2658
2211,2659
2212,2660
2213,2661
2214,2662
2215,2663
2216,2664
2217,2665
2218,2666
2219,2667
2220,2668
2221,2669
2222,2670
2223,2671
2224,2672
2225,2673
2226,2674
2227,2675
2228,2676
2229,2677
2230,2678
2231,2679
2232,2680
2233,2681
2234,2682
2235,2683
2236,2684
2237,2685
2238,2686
2239,2687
2240,2688
2241,2689
2242,2690
2243,2691
2244,2692
2245,2693
2246,2694
2247,2695
2248,2696
2249,2697
2250,2698
2251,2699
2252,2700
2253,2701
2254,2702
2255,2703
2256,2704
2257,2705
2258,2706
2259,2707
2260,2708
2261,2709
2262,2710
2263,2711
2264,2712
2265,2713
2266,2714
2267,2715
2268,2716
2269,2717
2270,2718
2271,2719
2272,2720
2273,2721
2274,2722
2275,2723
2276,2724
2277,2725
2278,2726
2279,2727
2280,2728
2281,2729
2282,2730
2283,2731
2284,2732
2285,2733
2286,2734
2287,2735
2288,2736
2289,2737
2290,2738
2291,2739
2292,2740
2293,2741
2294,2742
2295,2743
2296,2744
2297,2745
2298,2746
2299,2747
2300,2748
2301,2749
2302,2750
2303,2751
2304,2752
2305,2753
2306,2754
2307,2755
2308,2756
2309,2757
2310,2758
2311,2759
2312,2760
2313,2761
2314,2762
2315,2763
2316,2764
2317,2765
2318,2766
2319,2767
2320,2768
2321,2769
2322,2770
2323,2771
2324,2772
2325,2773
2326,2774
2327,2775
2328,2776
2329,2777
2330,2778
2331,2779
2332,2780
2333,2781
2334,2782
2335,2783
2336,2784
2337,2785
2338,2786
2339,2787
2340,2788
2341,2789
2342,2790
2343,2791
2344,2792
2345,2793
2346,2794
2347,2795
2348,2796
2349,2797
2350,2798
2351,2799
2352,2800
2353,2801
2354,2802
2355,2803
2356,2804
2357,2805
2358,2806
2359,2807
2360,2808
2361,2809
2362,2810
2363,2811
2364,2812
2365,2813
2366,2814
2367,2815
2368,2816
2369,2817
2370,2818
2371,2819
2372,2820
2373,2821
2374,2822
2375,2823
2376,2824
2377,2825
2378,2826
2379,2827
2380,2828
2381,2829
2382,2830
2383,2831
2384,2832
2385,2833
2386,2834
2387,2835
2388,2836
2389,2837
2390,2838
2391,2839
2392,2840
2393,2841
2394,2842
2395,2843
2396,2844
2397,2845
2398,2846
2399,2847
2400,2848
2401,2849
2402,2850
2403,2851
2404,2852
2405,2853
2406,2854
2407,2855
2408,2856
2409,2857
2410,2858
2411,2859
2412,2860
2413,2861
2414,2862
2415,2863
2416,2864
2417,2865
2418,2866
2419,2867
2420,2868
2421,2869
2422,2870
2423,2871
2424,2872
2425,2873
2426,2874
2427,2875
2428,2876
2429,2877
2430,2878
2431,2879
2432,2880
2433,2881
2434,2882
2435,2883
2436,2884
2437,2885
2438,2886
2439,2887
2440,2888
2441,2889
2442,2890
2443,2891
2444,2892
2445,2893
2446,2894
2447,2895
2448,2896
2449,2897
2450,2898
2451,2899
2452,2900
2453,2901
2454,2902
2455,2903
2456,2904
2457,2905
2458,2906
2459,2907
2460,2908
2461,2909
2462,2910
2463,2911
2464,2912
2465,2913
2466,2914
2467,2915
2468,2916
2469,2917
2470,2918
2471,2919
2472,2920
2473,2921
2474,2922
2475,2923
2476,2924
2477,2925
2478,2926
2479,2927
2480,2928
2481,2929
2482,2930
2483,2931
2484,2932
2485,2933
2486,2934
2487,2935
2488,2936
2489,2937
2490,2938
2491,2939
2492,2940
2493,2941
2494,2942
2495,2943
2496,2944
2497,2945
2498,2946
2499,2947
2500,2948
2501,2949
2502,2950
2503,2951
2504,2952
2505,2953
2506,2954
2507,2955
2508,2956
2509,2957
2510,2958
2511,2959
2512,2960
2513,2961
2514,2962
2515,2963
2516,2964
2517,2965
2518,2966
2519,2967
2520,2968
2521,2969
2522,2970
2523,2971
2524,2972
2525,2973
2526,2974
2527,2975
2528,2976
2529,2977
2530,2978
2531,2979
2532,2980
2533,2981
2534,2982
2535,2983
2536,2984
2537,2985
2538,2986
2539,2987
2540,2988
2541,2989
2542,2990
2543,2991
2544,2992
2545,2993
2546,2994
2547,2995
2548,2996
2549,2997
2550,2998
2551,2999
2552,3000
2553,3001
2554,3002
2555,3003
2556,3004
2557,3005
2558,3006
2559,3007
2560,3008
2561,3009
2562,3010
2563,3011
2564,3012
2565,3013
2566,3014
2567,3015
2568,3016
2569,3017
2570,3018
2571,3019
2572,3020
2573,3021
2574,3022
2575,3023
2576,3024
2577,3025
2578,3026
2579,3027
2580,3028
2581,3029
2582,3030
2583,3031
2584,3032
2585,3033
2586,3034
2587,3035
2588,3036
2589,3037
2590,3038
2591,3039
2592,3040
2593,3041
2594,3042
2595,3043
2596,3044
2597,3045
2598,3046
2599,3047
2600,3048
2601,3049
2602,3050
2603,3051
2604,3052
2605,3053
2606,3054
2607,3055
2608,3056
2609,3057
2610,3058
2611,3059
2612,3060
2613,3061
2614,3062
2615,3063
2616,3064
2617,3065
2618,3066
2619,3067
2620,3068
2621,3069
2622,3070
2623,3071
2624,3072
2625,3073
2626,3074
2627,3075
2628,3076
2629,3077
2630,3078
2631,3079
2632,3080
2633,3081
2634,3082
2635,3083
2636,3084
2637,3085
2638,3086
2639,3087
2640,3088
2641,3089
2642,3090
2643,3091
2644,3092
2645,3093
2646,3094
2647,3095
2648,3096
2649,3097
2650,3098
2651,3099
2652,3100
2653,3101
2654,3102
2655,3103
2656,3104
2657,3105
2658,3106
2659,3107
2660,3108
2661,3109
2662,3110
2663,3111
2664,3112
2665,3113
2666,3114
2667,3115
2668,3116
2669,3117
2670,3118
2671,3119
2672,3120
2673,3121
2674,3122
2675,3123
2676,3124
2677,3125
2678,3126
2679,3127
2680,3128
2681,3129
2682,3130
2683,3131
2684,3132
2685,3133
2686,3134
2687,3135
2688,3136
2689,3137
2690,3138
2691,3139
2692,3140
2693,3141
2694,3142
2695,3143
2696,3144
2697,3145
2698,3146
2699,3147
2700,3148
2701,3149
2702,3150
2703,3151
2704,3152
2705,3153
2706,3154
2707,3155
2708,3156
2709,3157
2710,3158
2711,3159
2712,3160
2713,3161
2714,3162
2715,3163
2716,3164
2717,3165
2718,3166
2719,3167
2720,3168
2721,3169
2722,3170
2723,3171
2724,3172
2725,3173
2726,3174
2727,3175
2728,3176
2729,3177
2730,3178
2731,3179
2732,3180
2733,3181
2734,3182
2735,3183
2736,3184
2737,3185
2738,3186
2739,3187
2740,3188
2741,3189
2742,3190
2743,3191
2744,3192
2745,3193
2746,3194
2747,3195
2748,3196
2749,3197
2750,3198
2751,3199
2752,3200
2753,3201
2754,3202
2755,3203
2756,3204
2757,3205
2758,3206
2759,3207
2760,3208
2761,3209
2762,3210
2763,3211
2764,3212
2765,3213
2766,3214
